-- phpMyAdmin SQL Dump
-- version 5.2.1
-- https://www.phpmyadmin.net/
--
-- Hôte : 127.0.0.1:3306
-- Généré le : jeu. 27 fév. 2025 à 15:05
-- Version du serveur : 9.1.0
-- Version de PHP : 8.3.14

SET SQL_MODE = "NO_AUTO_VALUE_ON_ZERO";
START TRANSACTION;
SET time_zone = "+00:00";


/*!40101 SET @OLD_CHARACTER_SET_CLIENT=@@CHARACTER_SET_CLIENT */;
/*!40101 SET @OLD_CHARACTER_SET_RESULTS=@@CHARACTER_SET_RESULTS */;
/*!40101 SET @OLD_COLLATION_CONNECTION=@@COLLATION_CONNECTION */;
/*!40101 SET NAMES utf8mb4 */;

--
-- Base de données : `c2i`
--
CREATE DATABASE IF NOT EXISTS `c2i` DEFAULT CHARACTER SET utf8mb4 COLLATE utf8mb4_0900_ai_ci;
USE `c2i`;

-- --------------------------------------------------------

--
-- Structure de la table `categ_vessels`
--

DROP TABLE IF EXISTS `categ_vessels`;
CREATE TABLE IF NOT EXISTS `categ_vessels` (
  `cat` int NOT NULL AUTO_INCREMENT,
  `name_categ` varchar(50) NOT NULL,
  PRIMARY KEY (`cat`)
) ENGINE=MyISAM AUTO_INCREMENT=5 DEFAULT CHARSET=utf8mb3;

--
-- Déchargement des données de la table `categ_vessels`
--

INSERT INTO `categ_vessels` (`cat`, `name_categ`) VALUES
(1, 'LNG'),
(2, 'LPG'),
(3, 'Chemical'),
(4, 'Oil / Chemical');

-- --------------------------------------------------------

--
-- Structure de la table `mrv_ports`
--

DROP TABLE IF EXISTS `mrv_ports`;
CREATE TABLE IF NOT EXISTS `mrv_ports` (
  `mp` int NOT NULL AUTO_INCREMENT,
  `port_type` varchar(50) NOT NULL,
  PRIMARY KEY (`mp`)
) ENGINE=MyISAM AUTO_INCREMENT=4 DEFAULT CHARSET=utf8mb3;

--
-- Déchargement des données de la table `mrv_ports`
--

INSERT INTO `mrv_ports` (`mp`, `port_type`) VALUES
(1, 'EU'),
(2, 'UK'),
(3, 'Non MRV Port');

-- --------------------------------------------------------

--
-- Structure de la table `ports`
--

DROP TABLE IF EXISTS `ports`;
CREATE TABLE IF NOT EXISTS `ports` (
  `id_port` int NOT NULL AUTO_INCREMENT,
  `code_port` varchar(20) NOT NULL,
  `name_port` varchar(50) NOT NULL,
  `eu_uk_mrv` enum('EU','UK','non_mrv') NOT NULL,
  PRIMARY KEY (`id_port`)
) ENGINE=MyISAM AUTO_INCREMENT=18 DEFAULT CHARSET=utf8mb3;

--
-- Déchargement des données de la table `ports`
--

INSERT INTO `ports` (`id_port`, `code_port`, `name_port`, `eu_uk_mrv`) VALUES
(1, 'DZAZW', 'ARZEW', 'non_mrv'),
(2, 'DZORN', 'ORAN', 'non_mrv'),
(3, 'DZSKD', 'SKIKDA', 'non_mrv'),
(4, 'FRFOS', 'FOS', 'EU'),
(5, 'TRMAR', 'MARMARA', 'EU'),
(6, 'TREDI', 'TREDI', ''),
(7, 'TRALI', 'TRALI', ''),
(8, 'ESSAG', '', 'EU'),
(9, 'DZAZW', '', 'EU'),
(10, 'TRDYL', '', 'EU'),
(11, 'ITPIO', '', 'EU'),
(12, 'HROMI', '', 'EU'),
(13, 'DZAZW', '', 'EU'),
(14, 'ESBCN', '', 'EU'),
(15, 'DZSKI', '', 'EU'),
(16, 'RHHJK', '', 'EU'),
(17, 'GBIOG', '', 'EU');

-- --------------------------------------------------------

--
-- Structure de la table `reports_arrival`
--

DROP TABLE IF EXISTS `reports_arrival`;
CREATE TABLE IF NOT EXISTS `reports_arrival` (
  `ra` int NOT NULL AUTO_INCREMENT,
  `usr` int DEFAULT NULL,
  `vs` int DEFAULT NULL,
  `id_trv` int DEFAULT NULL,
  `arr_calltype` int DEFAULT NULL,
  `arr_comp_dcs_voy_number` varchar(225) CHARACTER SET utf8mb3 COLLATE utf8mb3_general_ci DEFAULT NULL,
  `arr_arrival_port` int DEFAULT NULL,
  `arr_eu_uk` enum('EU','UK','non_mrv_port') CHARACTER SET utf8mb3 COLLATE utf8mb3_general_ci DEFAULT 'EU',
  `arr_fwe_date` date DEFAULT NULL,
  `arr_fwe_local_time` varchar(5) CHARACTER SET utf8mb3 COLLATE utf8mb3_general_ci DEFAULT '00:00',
  `arr_fwe_time_zone` varchar(5) CHARACTER SET utf8mb3 COLLATE utf8mb3_general_ci DEFAULT NULL,
  `arr_gps_trip` double DEFAULT NULL,
  `arr_speed_log` double DEFAULT NULL,
  `sosp_start_date` date DEFAULT NULL,
  `sosp_local_time` varchar(5) CHARACTER SET utf8mb3 COLLATE utf8mb3_general_ci DEFAULT '00:00',
  `sosp_time_zone` varchar(5) CHARACTER SET utf8mb3 COLLATE utf8mb3_general_ci DEFAULT NULL,
  `sosp_gps_trip` double DEFAULT NULL,
  `sosp_speed_log` double DEFAULT NULL,
  `sosp_lsfo` double DEFAULT NULL,
  `sosp_ulsfo` double DEFAULT NULL,
  `sosp_mgo` double DEFAULT NULL,
  `sosp_lng_ctms` double DEFAULT NULL,
  `weath_force` varchar(10) CHARACTER SET utf8mb3 COLLATE utf8mb3_general_ci DEFAULT NULL,
  `weath_sea_state` double DEFAULT NULL,
  `weath_hours_wind` int DEFAULT NULL,
  `fg_boilers` double DEFAULT NULL,
  `fg_dfde1` double DEFAULT NULL,
  `fg_dfde2` double DEFAULT NULL,
  `fg_dfde3` double DEFAULT NULL,
  `fg_dfde4` double DEFAULT NULL,
  `fg_gcu` double DEFAULT NULL,
  `fg_vapour` double DEFAULT NULL,
  `eosp_date` date DEFAULT NULL,
  `oesp_local_time` varchar(5) CHARACTER SET utf8mb3 COLLATE utf8mb3_general_ci DEFAULT '00:00',
  `oesp_time_zone` varchar(5) CHARACTER SET utf8mb3 COLLATE utf8mb3_general_ci DEFAULT NULL,
  `oesp_gps_trip` double DEFAULT NULL,
  `oesp_speed_log` double DEFAULT NULL,
  `oesp_lsfo` double DEFAULT NULL,
  `oesp_ulsfo` double DEFAULT NULL,
  `oesp_mgo` double DEFAULT NULL,
  `oesp_lng_ctms` double DEFAULT NULL,
  `fwe_lsfo` double DEFAULT NULL,
  `fwe_ulsfo` double DEFAULT NULL,
  `fwe_mgo` double DEFAULT NULL,
  `fwe_lng_ctms` double DEFAULT NULL,
  `fwe_lo` double DEFAULT NULL,
  `propulsion_stbd` double DEFAULT NULL,
  `propulsion_revo` double DEFAULT NULL,
  `drift_total_distance` double DEFAULT NULL,
  `drift_time_adrift` int DEFAULT NULL,
  `anchor_date` date DEFAULT NULL,
  `anchor_local_time` varchar(5) CHARACTER SET utf8mb3 COLLATE utf8mb3_general_ci DEFAULT '00:00',
  `anchor_time_zone` varchar(5) CHARACTER SET utf8mb3 COLLATE utf8mb3_general_ci DEFAULT NULL,
  `anchor_gps_trip` double DEFAULT NULL,
  `anchor_up_date` date DEFAULT NULL,
  `anchor_up_local_time` varchar(5) CHARACTER SET utf8mb3 COLLATE utf8mb3_general_ci DEFAULT '00:00',
  `anchor_up_time_zone` varchar(5) CHARACTER SET utf8mb3 COLLATE utf8mb3_general_ci DEFAULT NULL,
  `anchor_up_gps_trip` int DEFAULT NULL,
  `total_percent` int DEFAULT NULL,
  `report_status` enum('in_progress','completed','approuved') CHARACTER SET utf8mb3 COLLATE utf8mb3_general_ci DEFAULT NULL,
  PRIMARY KEY (`ra`)
) ENGINE=MyISAM AUTO_INCREMENT=45 DEFAULT CHARSET=utf8mb3;

--
-- Déchargement des données de la table `reports_arrival`
--

INSERT INTO `reports_arrival` (`ra`, `usr`, `vs`, `id_trv`, `arr_calltype`, `arr_comp_dcs_voy_number`, `arr_arrival_port`, `arr_eu_uk`, `arr_fwe_date`, `arr_fwe_local_time`, `arr_fwe_time_zone`, `arr_gps_trip`, `arr_speed_log`, `sosp_start_date`, `sosp_local_time`, `sosp_time_zone`, `sosp_gps_trip`, `sosp_speed_log`, `sosp_lsfo`, `sosp_ulsfo`, `sosp_mgo`, `sosp_lng_ctms`, `weath_force`, `weath_sea_state`, `weath_hours_wind`, `fg_boilers`, `fg_dfde1`, `fg_dfde2`, `fg_dfde3`, `fg_dfde4`, `fg_gcu`, `fg_vapour`, `eosp_date`, `oesp_local_time`, `oesp_time_zone`, `oesp_gps_trip`, `oesp_speed_log`, `oesp_lsfo`, `oesp_ulsfo`, `oesp_mgo`, `oesp_lng_ctms`, `fwe_lsfo`, `fwe_ulsfo`, `fwe_mgo`, `fwe_lng_ctms`, `fwe_lo`, `propulsion_stbd`, `propulsion_revo`, `drift_total_distance`, `drift_time_adrift`, `anchor_date`, `anchor_local_time`, `anchor_time_zone`, `anchor_gps_trip`, `anchor_up_date`, `anchor_up_local_time`, `anchor_up_time_zone`, `anchor_up_gps_trip`, `total_percent`, `report_status`) VALUES
(1, NULL, NULL, 45, 0, NULL, NULL, NULL, '0000-00-00', NULL, NULL, NULL, NULL, '2024-01-10', '900', '100', 10.7, 10.57, NULL, NULL, NULL, 168254.5, NULL, NULL, NULL, NULL, NULL, NULL, NULL, NULL, NULL, NULL, '2024-01-15', '700', '300', 1698, 1662, NULL, NULL, NULL, NULL, NULL, NULL, NULL, NULL, NULL, NULL, NULL, NULL, NULL, '0000-00-00', NULL, NULL, NULL, '0000-00-00', NULL, NULL, NULL, NULL, NULL),
(2, NULL, NULL, 21, 0, '44-24', 0, '', '2024-11-07', '900', '100', 2247, 263454, '2024-10-29', '2400', '100', 10, 261816, 1107, 0, 588.9, 3233, 'W/2', 1, 0, NULL, 5706876, 8265393, 7959636, 5657739, 9635454, 1266498, '2024-10-31', '1100', '100', 829, 262635, 1107, 0, 584.31, 2935, 1107, 0, 570.6, 1907, 74212, 119453706, 119268146, 0, 0, '0000-00-00', NULL, NULL, NULL, '0000-00-00', NULL, NULL, NULL, NULL, NULL),
(3, NULL, NULL, 1, 0, '45/24', 0, '', '2024-11-10', '925', '100', 488, 263941, '2024-11-08', '1630', '100', 6, 263461, 1107, 0, 567, 168376, 'W/2', 1, 0, NULL, 5706876, 8337646, 7988218, 5703608, 9642951, 1266498, '2024-11-10', '600', '100', 475, 263929, 1107, 0, 560.2, 168257, 1107, 0, 559.55, 168200, 74212, 119453706, 119268146, 0, 0, '0000-00-00', NULL, NULL, NULL, '0000-00-00', NULL, NULL, NULL, NULL, NULL),
(4, NULL, NULL, 2, 0, '50/24', 0, '', '2024-12-12', '1845', '100', 1608, 272297, '2024-12-08', '130', '300', 13, 270720, 1107, 0, 468.56, 2682, 'NE/3', 3, NULL, NULL, 5831247, 9328482, 8849584, 6215837, 9896807, 1266498, '2024-12-12', '1000', '100', 1596, 272286, 1107, 0, 463.24, 2161.7, 1107, 0, 460.56, 1869.8, 69537, 122695763, 122503880, NULL, NULL, '0000-00-00', NULL, NULL, NULL, '0000-00-00', NULL, NULL, NULL, NULL, NULL),
(5, NULL, NULL, 3, 0, '46/24', 0, '', '2024-11-13', '1030', '100', 440, 264302, '2024-11-11', '1400', '100', 10, 263950, 1107, 0, 552.6, 4115, 'S/2', 1, 0, NULL, 5706876, 8380909, 8041087, 5742774, 9635454, 1266498, '2024-11-12', '1100', '100', 310, 264245, 1107, 0, 551.78, 4098, 1107, 0, 548.38, 3908, 74212, 119453706, 119268146, 0, 0, '0000-00-00', NULL, NULL, NULL, '0000-00-00', NULL, NULL, NULL, NULL, NULL),
(6, NULL, NULL, 5, 0, '47/24', 0, '', '2024-11-19', '1110', '300', 1876, 264302, '2024-11-14', '1530', '100', 10, 263972, 1107, 0, 542.13, 145996, 'S/2', 1, 0, NULL, 5706876, 8606827, 8259528, 5920858, 9635454, 1266498, '2024-11-19', '800', '300', 1864, 266095, 1107, 0, 533.77, 4098, 1107, 0, 532.8, 144955, 74212, 121330161, 12144157, 0, 0, '0000-00-00', NULL, NULL, NULL, '0000-00-00', NULL, NULL, NULL, NULL, NULL),
(7, NULL, NULL, 4, 0, '42/24', 0, '', '2024-10-21', '1015', '100', 1533, 260703, '2024-10-17', '1530', '200', 30, 259231, 1107, 0, 369.59, 3271, 'E/2', 1, 0, NULL, 5636061, 8152612, 7520708, 5502104, 9549956, 1266498, '2024-10-21', '630', '100', 1518, 260656, 1107, 0, 358.8, 2743, 1107, 0, 357.77, 2634, 77723, 119453706, 119268146, 0, 0, '0000-00-00', NULL, NULL, NULL, '0000-00-00', NULL, NULL, NULL, NULL, NULL),
(8, NULL, NULL, 6, 0, '51/24', 0, '', '2024-12-21', '230', '100', 1433, 273711.78, '2024-12-14', '1730', '100', 24, 272322, 1107, 0, 449.61, 168272.5, 'N/2', 1, 8, NULL, 5924837, 9376323, 8958309, 6317371, 10110153, 1266823, '2024-12-18', '600', '100', 1070, 273353, 1107, 0, 445.78, 168195.6, 1107, 0, 439.11, 167578.6, 69537, 122695763, 122503880, NULL, NULL, '2024-12-18', '825', '100', 1083, '2024-12-19', '1135', '100', 1084, NULL, NULL),
(9, NULL, NULL, 8, 0, '48/24', 0, '', '2024-11-25', '1630', '100', 1980, 268006, '2024-11-20', '2000', '300', 12, 266124, 1107, 0, 517.27, 2874, 'N/2', 1, 0, NULL, 5706876, 8837317, 8471450, 6044208, 9635454, 1266498, '2024-11-25', '1100', '100', 1953, 267992, 1107, 0, 499.46, 2166, 1107, 0, 497.14, 1972, 74212, 121330161, 12144157, 0, 0, '0000-00-00', NULL, NULL, NULL, '0000-00-00', NULL, NULL, NULL, NULL, NULL),
(10, NULL, NULL, 2, 0, '52/24', 0, '', '2024-12-26', '1030', '100', 971.4, 274665.7, '2024-12-23', '330', '100', 18, 273729, 1107, 0, 433, 3372.6, 'NE/3', 2, NULL, NULL, 5963774, 9460530, 9068976, 6353765, 10190995, 1266823, '2024-12-26', '500', '100', 957, 274652, 1107, 0, 425.55, 3028.6, 1107, 0, 425.14, 2896.9, 69537, 123221124, 123038678, NULL, NULL, '0000-00-00', NULL, NULL, NULL, '0000-00-00', NULL, NULL, NULL, NULL, NULL),
(11, NULL, NULL, 40, 0, '046/23', 0, NULL, '2024-01-02', '1010', '300', 2460, 2413, '2023-12-25', '900', '100', 7.5, 7.5, 1107.88, 0, 615.05, 168071, 'SW/3', 3, 0, 0, 2750763, 1083615, 298343, 3062429, 6699287, NULL, '2024-01-02', '700', '300', 2452, 2405, 1107.88, 0, 601.46, 167231.1, 1107.88, 0, 600.8, 167160.4, 39917, 104109943, 103926273, 0, 0, '0000-00-00', NULL, NULL, NULL, '0000-00-00', NULL, NULL, NULL, NULL, NULL),
(12, NULL, NULL, 14, 0, '008/24', 0, '', '2024-03-02', '1045', '300', 2466, 204482, '2024-02-24', '930', '100', 12, 202050, 1107, 0, 493, 146197.7, 'N/3', 3, 0, 0, 2926224, 3058963, 2426869, 3238723, 6990714, NULL, '2024-03-02', '530', '300', 2434, 204451, 1107, 0, 486, 145247.2, 1107, 0, 483.57, 145113.9, 35907, 1077976, 107617924, 1, 2, '0000-00-00', NULL, NULL, NULL, '0000-00-00', NULL, NULL, NULL, NULL, NULL),
(13, NULL, NULL, 12, 0, '012/24', 0, '', '2024-04-02', '830', '100', 2130, 212611, '2024-03-24', '1430', '200', 16, 210496, 1107, 0, 437.89, 3236, 'S/2', 2, 0, 0, 2926224, 4036255, 3278408, 3543332, 7225154, 1204288, '2024-03-28', '900', '100', 1405, 211906, 1107, 0, 432, 2733, 1107, 0, 420.4, 1960, 34400, 109589082, 10940646, 0, 0, '0000-00-00', NULL, NULL, NULL, '0000-00-00', NULL, NULL, NULL, NULL, NULL),
(14, NULL, NULL, 41, 0, '039/24', 0, '', '2024-10-03', '1045', '200', 495, 256629, '2024-10-01', '1830', '100', 8, 256152, 1107, 0, 408.5, 164878, 'W/3', 1, 12, NULL, 5355163, 7643614, 7223708, 5369131, 9515453, 1266498, '2024-10-02', '2300', '200', 453, 256586, 1107, 0, 406.6, 164670, 1107, 0, 405.6, 164561, 68401, NULL, NULL, 0, 0, '0000-00-00', NULL, NULL, NULL, '0000-00-00', NULL, NULL, NULL, NULL, NULL),
(15, NULL, NULL, 31, 0, '020/24', 0, '', '2024-06-04', '1455', '100', 2722, 226892, '2024-05-24', '330', '200', 37, 224233, 1107, 0, 552.3, 3099, 'N/4', 3, 0, 0, 3525713, 4888158, 4439936, 4067116, 7904282, 1204288, '2024-05-28', '1300', '100', 1503, 225688, 1107, 0, 547.55, 2542, 1107, 0, 522.22, 1451, 55041, 112728025, 112548484, 0, 0, '0000-00-00', NULL, NULL, NULL, '0000-00-00', NULL, NULL, NULL, NULL, NULL),
(16, NULL, NULL, 46, 0, '005/2024', 0, '', '2024-02-05', '1355', '100', 2807, 197017, '2024-01-28', '1100', '300', 12, 194241, 1107, 0, 551.3, 3329.2, 'N/2', 2, 0, NULL, 2869379, 2340237, 1499969, 3131407, 6911545, 1204288, '2024-02-01', '700', '100', 1489, 195710, 1107, 0, 548.5, 2936.5, 1107, NULL, 537.3, 2249.2, 37117, 106195910, 106016131, 6, 4, '0000-00-00', NULL, NULL, NULL, '0000-00-00', NULL, NULL, NULL, NULL, NULL),
(17, NULL, NULL, 47, 0, '015/24', 0, '', '2024-05-06', '835', '100', 3338, 220712, '2024-04-25', '2130', '100', 1676, 219100, 1107, 0, 357.37, 2494, 'WSW/2', 2, 0, 0, 3462528, 4070291, 4373356, 3587567, 7346396, 1204288, '2024-04-26', '930', '100', 1842, 219261, 1107, 0, 356.6, 2425, 1107, 0, 593.15, 863, 59150, 111364379, 111181938, 0, 0, '0000-00-00', NULL, NULL, NULL, '0000-00-00', NULL, NULL, NULL, NULL, NULL),
(18, NULL, NULL, 15, 0, '026/24', 0, '', '2024-07-06', '1340', '100', 1566, 233619, '2024-06-30', '1400', '300', 12.6, 232084, 1107, 0, 430.98, 2985.3, 'NW /4', 4, 0, NULL, 4167298, 5329666, 4443036, 4732601, 8412780, 1205439, '2024-07-05', '400', '100', 1494, 233555, 1107, 0, 421.22, 2430.5, 1107, NULL, 419.55, 1972.7, 54777, 114217867, 114034163, 6, 12, '0000-00-00', NULL, NULL, NULL, '0000-00-00', NULL, NULL, NULL, NULL, NULL),
(19, NULL, NULL, 17, 0, '002/24', 0, '', '2024-01-08', '1330', '100', 1752, 1762, '2024-01-03', '2330', '300', 17, 16, 1107.88, 0, 597.7, 3042.8, 'SW/3', 3, 0, NULL, NULL, NULL, NULL, NULL, NULL, NULL, '2024-01-08', '700', '100', 1729, 1738, 1107.88, 0, 592.5, 2333, NULL, NULL, NULL, 2220, NULL, NULL, NULL, 0, 0, '0000-00-00', NULL, NULL, NULL, '0000-00-00', NULL, NULL, NULL, NULL, NULL),
(20, NULL, NULL, 19, 0, '013/24', 0, '', '2024-04-08', '130', '200', 1579, 214173, '2024-04-03', '1300', '100', 13, 212625, 1107, 0, 415.76, 168105, 'N/4', 3, 0, 0, 3027004, 4038764, 3485392, 3580652, 7245017, 1204288, '2024-04-07', '1500', '200', 1465, 214059, 1107, 0, 411.04, 167480, 1107, 0, 410.52, 167430, NULL, 109943440, 109753415, 0, 0, '0000-00-00', NULL, NULL, NULL, '0000-00-00', NULL, NULL, NULL, NULL, NULL),
(21, NULL, NULL, 18, 0, '40/24', 0, '', '2024-10-08', '1310', '100', 997, 257540, '2024-10-01', '1830', '100', 8, 256152, 1107, 0, 408.5, 164878, 'W/3', 2, 12, NULL, 5376696, 7750273, 7396681, 5369131, 9527197, 1266498, '2024-10-02', '2300', '200', 453, 256586, 1107, 0, 406.6, 164670, 1107, 0, 397.71, 2023, 77723, NULL, NULL, 0, 0, '0000-00-00', NULL, NULL, NULL, '0000-00-00', NULL, NULL, NULL, NULL, NULL),
(22, NULL, NULL, 26, 0, '009/24', 0, '', '2024-03-09', '1315', '300', 1997, 204482, '2024-03-03', '1700', '300', 8, 204492, 1107, 0, 479.1, 3018.7, 'WSW/ 3', 3, 0, 0, 2926224, 3264776, 2623401, 3337556, 7032851, 1204288, '2024-03-07', '1930', '100', 1489, 205962, 1107, 0, 472.5, 2588.6, 1107, 0, 469.07, 2367.2, 35607, 108233496, 108054122, NULL, NULL, '0000-00-00', NULL, NULL, NULL, '0000-00-00', NULL, NULL, NULL, NULL, NULL),
(23, NULL, NULL, 25, 0, '021/24', 0, '', '2024-06-09', '30', '200', 782, 227667, '2024-06-06', '1600', '100', 21, 226915, 1107, 0, 508.25, 166607, 'S/3', 3, 0, 0, 3586282, 4989775, 4439936, 4164789, 7943446, 1204288, '2024-06-08', '1800', '200', 770, 227654, 1107, 0, 503.29, 166167, 1107, 0, 501.67, 166162.1, 53898, 112902439, 112722894, 0, 3, '2024-06-08', '1930', '200', 779, '2024-06-08', '2208', '200', 779, NULL, NULL),
(24, NULL, NULL, 20, 0, '017/24', 0, '', '2024-05-10', '1010', '200', 750, 221453, '2024-05-07', '2100', '100', 26, 220737, 1107, 0, 582.8, 167952, 'N/1', 1, 0, 0, 3477407, 4171519, 4373644, 3664074, 7375027, 1204288, '2024-05-10', '600', '200', 730, 221430, 1107, 0, 578.8, 167830, 1107, 0, 578.47, 167787.8, 59150, 111529330, 111347655, 0, 0, '0000-00-00', NULL, NULL, NULL, '0000-00-00', NULL, NULL, NULL, NULL, NULL),
(25, NULL, NULL, 23, 0, '035/24', 0, '', '2024-09-10', '955', '300', 1470, 250704, '2024-09-06', '1600', '100', 15.1, 249286.79, 1107, 0, 492.6, 168383.9, 'VAR/2', 1, 0, NULL, 5176221, 6868888, 6365649, 5266617, 9379846, 1266498, '2024-09-10', '700', '300', 1456, 250692, 1107, 0, 487, 167544.8, 1107, 0, 486.26, 167511.8, 69141, NULL, NULL, 0, 0, '0000-00-00', NULL, NULL, NULL, '0000-00-00', NULL, NULL, NULL, NULL, NULL),
(26, NULL, NULL, 42, 0, '018/24', 0, '', '2024-05-13', '820', '100', 537, 221987, '2024-05-11', '1600', '200', 15, 221470, 1107, 0, 575.76, 3571.2, 'W/1', 1, 0, 0, 3500980, 4234721, 4439936, 3677567, 7439088, 1204288, '2024-05-13', '500', '100', 530, 221980, 1107, 0, 573.8, 3469, 1107, 0, 573.57, 3367.2, 55041, 111646211, 111464346, 0, 0, '0000-00-00', NULL, NULL, NULL, '0000-00-00', NULL, NULL, NULL, NULL, NULL),
(27, NULL, NULL, 24, 0, '022/24', 0, '', '2024-06-13', '1041', '100', 782, 227667, '2024-06-11', '100', '200', 18, 227686, 1107, 0, 491.85, 1916.3, 'S/2', 2, 0, 0, 3623097, 5121448, 4439936, 4235045, 7986366, 1204288, '2024-06-13', '400', '100', 770, 228428, 1107, 0, 483.77, 1681, 1107, 0, 481.92, 1548.8, 53898, 113068465, 112889951, 0, 0, '0000-00-00', NULL, NULL, NULL, '0000-00-00', NULL, NULL, NULL, NULL, NULL),
(28, NULL, NULL, 47, 0, '027/24', 0, '', '2024-07-12', '118', '300', 1587, 235192, '2024-07-07', '2030', '100', 25, 233645, 1107, 0, 414.49, 168182, 'NW /3', 3, 0, NULL, 4292850, 5489728, 4619895, 4822191, 8436263, 1205558, '2024-07-11', '1200', '300', 1464, 235071, 1107, NULL, 405.99, 167326.9, 1107, NULL, 404.76, 167226.2, 54777, 114572424, 114387637, NULL, NULL, '0000-00-00', NULL, NULL, NULL, '0000-00-00', NULL, NULL, NULL, NULL, NULL),
(29, NULL, NULL, 13, 0, '014/24', 0, '', '2024-04-14', '850', '100', 1619, 215757, '2024-04-09', '1500', '200', 111, 214287, 1107, 0, 402.1, 3580, 'N/4', 3, 0, 0, 3159357, 4038764, 3705520, 3580652, 7315237, 1204288, '2024-04-13', '500', '100', 1544, 215700, 1107, 0, 397.4, 2950, 1107, 0, 393.9, 2699, 45200, 110273700, 110092098, 2, 4, '0000-00-00', NULL, NULL, NULL, '0000-00-00', NULL, NULL, NULL, NULL, NULL),
(30, NULL, NULL, 30, 0, '030/24', 0, '', '2024-08-14', '900', '100', 4329, 242816, '2024-07-27', '1800', '300', 138, 238697, 1107, NULL, 613.87, 2865, 'SW/4', 3, 0, NULL, 4727981, 5938747, 5401639, 5008902, 0, 1265482, '2024-08-02', '600', '100', 1755, 240288, 1107, NULL, 603.64, 2145, 1107, NULL, 563.1, 387.4, 71056, 116232747, 116045577, 13.5, 21, '0000-00-00', NULL, NULL, NULL, '0000-00-00', NULL, NULL, NULL, NULL, NULL),
(31, NULL, NULL, 36, 0, '41/24', 0, '', '2024-10-14', '2150', '200', 1690, 259193, '2024-10-09', '1730', '100', 13, 257556, 1107, 0, 393.6, 151918, 'S/1', 1, 12, NULL, 5471896, 7984399, 7520708, 5369131, 9542200, 1266499, '2024-10-14', '1600', '200', 1655, 259159, 1107, 0, 383.27, 151240, 1107, 0, 380.26, 151185.2, 77723, 119453706, 119268146, 0, 0, '0000-00-00', NULL, NULL, NULL, '0000-00-00', NULL, NULL, NULL, NULL, NULL),
(32, NULL, NULL, 28, 0, '002/2024', 0, '', '2024-01-15', '1110', '300', 1709, 190765.81, '2024-01-10', '900', '100', 10.7, 10.57, 1107.88, 0, 585, 168239.6, 'SE/3', 3, 0, NULL, 2847794, 1528352, 719955, 3130504, 6843579, 1204288, '2024-01-15', '700', '300', 1698, 190755, 1107, 0, 578.3, 167589.3, 1107, NULL, 577.8, 167484, 38817, 104678700, 104861760, 6, 4, '0000-00-00', NULL, NULL, NULL, '0000-00-00', NULL, NULL, NULL, NULL, NULL),
(33, NULL, NULL, 32, 0, 'M2345-02/24-OUG145-BOTAS', 0, '', '2024-02-15', '1040', '300', 3177, 200149, '2024-02-06', '1830', '100', 10, 197028, 1107, NULL, 533.6, 168315, 'NE/4', 4, 12, NULL, 2873429, 2739589, 1915243, 3157889, 6940908, 1204288, '2024-02-15', '700', '300', 3158, 200134, 1107, 0, 525.1, 166946.4, 1107, 0, 523.3, 166903.5, 36507, 106876293, 106696309, 3, 5, '0000-00-00', NULL, NULL, NULL, '0000-00-00', NULL, NULL, NULL, NULL, NULL),
(34, NULL, NULL, 23, 0, '010/24', 0, '', '2024-03-15', '1320', '100', 1711, 208151, '2024-03-09', '1930', '100', 12, 206474.2, 1107, 0, 464.4, 2345.4, 'N/3', 2, 0, 0, 2926224, 3476326, 2776413, 3380508, 7064308, 1204288, '2024-03-11', '1100', '100', 493.7, 206958, 1107, 0, 461.3, 2115, 1107, NULL, 453.7, 1470.8, 35600, 108607929, 108428419, 8, 5, '0000-00-00', NULL, NULL, NULL, '0000-00-00', NULL, NULL, NULL, NULL, NULL),
(35, NULL, NULL, 35, 0, '023/24', 0, '', '2024-06-15', '1920', '200', 538, 228972.13, '2024-06-14', '900', '100', 21, 228461.47, 1107, 0, 473.8, 147153.7, 'NW', 3, 0, 0, 3676117, 5190201, 4439936, 4291880, 7987270, 1204288, '2024-06-15', '1600', '200', 519, 228952, 1107, 0, 471.53, 146892.7, 1107, 0, 468.29, 146777.7, 53898, 113187285, 113008144, 0, 0, '0000-00-00', NULL, NULL, NULL, '0000-00-00', NULL, NULL, NULL, NULL, NULL),
(36, NULL, NULL, 33, 0, '036/24', 0, '', '2024-09-16', '1315', '100', 1564, 252250, '2024-09-11', '1700', '300', 15.1, 250721, 1107, 0, 475, 3491, 'N/2', 3, 0, NULL, 5243801, 7067587, 6604551, 5266617, 9410830, 1266498, '2024-09-15', '1130', '100', 1504, 252196, 1107, 0, 472.28, 2910, 1107, 0, 468.79, 2649, 69141, NULL, NULL, 0, 0, '0000-00-00', NULL, NULL, NULL, '0000-00-00', NULL, NULL, NULL, NULL, NULL),
(37, NULL, NULL, 29, 0, '028/24', 0, '', '2024-07-19', '820', '100', 1715, 236899, '2024-07-13', '1900', '300', 150, 235334, 1107, NULL, 396.69, 3084, 'NE', 3, 0, NULL, 4389673, 5686379, 4731565, 4920478, 8548255, 1206776, '2024-07-17', '1100', '100', 1641, 236824, 1107, NULL, 390.83, 2613.8, 1107, NULL, 636.11, 2232, 54777, 114934856, 114747986, 15.4, 26, '2024-07-17', '1240', '100', 1650, '2024-07-17', '2130', '100', 1651, NULL, NULL),
(38, NULL, NULL, 50, 0, '031/24', 0, '', '2024-08-19', '1750', '300', 1609, 244392, '2024-08-15', '1830', '100', 18, 242834, 1107, NULL, 554.73, 168212.8, 'SW/3', 3, 0, NULL, 4843813, 6102164, 5572999, 5113584, 9290180, 1266474, '2024-08-19', '630', '300', 1493, 244279, 1107, NULL, 538.85, 167326, 1107, NULL, 537.42, 167213.6, 71056, 116584599, 116398521, NULL, NULL, '0000-00-00', NULL, NULL, NULL, '0000-00-00', NULL, NULL, NULL, NULL, NULL),
(39, NULL, NULL, 37, 0, '014/24', 0, '', '2024-04-20', '850', '100', 1619, 215757, '2024-04-09', '1500', '200', 111, 214287, 1107, 0, 402.1, 3580, 'N/4', 3, 0, 0, 3297665, 4038764, 3935094, 3580652, 7336605, 1204288, '2024-04-20', '430', '100', 1618, 217384, 1107, 0, 386.05, NULL, 1107, 0, 385.6, 153163, 45000, 110656456, 110474522, NULL, NULL, '0000-00-00', NULL, NULL, NULL, '0000-00-00', NULL, NULL, NULL, NULL, NULL),
(40, NULL, NULL, 38, 0, '024/24', 0, '', '2024-06-20', '1355', '100', 976.5, 229936, '2024-06-16', '1930', '200', 14, 228987, 1107, 0, 460.65, 3678, 'WNW/4', 4, 0, 0, 3778373, 5190201, 4439936, 4394092, 8023912, 1204288, '2024-06-19', '600', '100', 700, 229640, 1107, 0, 456.2, 3388.4, 1107, 0, 452.55, 3087, 53898, 113397866, 113216523, NULL, NULL, '0000-00-00', NULL, NULL, NULL, '0000-00-00', NULL, NULL, NULL, NULL, NULL),
(41, NULL, NULL, 44, 0, '003/2024', 0, '', '2024-01-21', '1400', '100', 1719, 192484.5, '2024-01-16', '1930', '300', 10.7, 190778, 1107, 0, 572.2, 3480, 'VAR/2', 3, 0, NULL, 2847794, 1765099, 943266, 3131189, 6868546, 1204288, '2024-01-20', '1200', '100', 1438, 192203, 1107, 0, 564.6, 3060, 1107, NULL, 562, 2786.7, 38817, 105231593, 105049195, 0, 0, '0000-00-00', NULL, NULL, NULL, '0000-00-00', NULL, NULL, NULL, NULL, NULL),
(42, NULL, NULL, 7, 0, 'M2345-02/24-OUG145-BOTAS', 0, '', '2024-02-21', '1730', '100', 1878, 202036, '2024-02-16', '2030', '300', 8, 200161, 1107, 0, 513.8, 2915, 'NW/3', 3, 0, NULL, 2907960, 2932376, 2132297, 3203019, 6964209, 1204288, '2024-02-20', '700', '100', 1476.2, 201636.6, 1107, 0, 505.6, 2493.7, 1107, NULL, 501.1, 2198.7, 35907, 107271065, 107090906, NULL, NULL, '0000-00-00', NULL, NULL, NULL, '0000-00-00', NULL, NULL, NULL, NULL, NULL),
(43, NULL, NULL, 39, 0, '019/24', 0, '', '2024-05-22', '948', '200', 2244, 224195, '2024-05-14', '2200', '100', 19, 222009, 1107, 0, 569.77, 143957.3, 'S/2', 2, 0, 0, 3525713, 4528420, 4439936, 3868236, 7520691, 1204288, '2024-05-22', '300', '200', 2211, 224163, 1107, 0, 564.44, 143442.8, 1107, 0, 562.66, 143275.9, 55041, 111646211, 111464346, 0, 0, '0000-00-00', NULL, NULL, NULL, '0000-00-00', NULL, NULL, NULL, NULL, NULL),
(44, NULL, NULL, 43, 0, '011/24', 0, '', '2024-03-23', '930', '200', 2343, 210476, '2024-03-16', '1800', '100', 14, 208167, 1107, 0, 449, 136315, 'NE/2', 2, 0, 0, 2926224, 3766636, 3003682, 3449922, 7098588, 1204288, '2024-03-23', '600', '200', 2331, 206946, 1107, 0, 442.88, 135351, 1107, 0, 442.03, 135334.5, 35600, 109112692, 1089932430, 7, 4, '0000-00-00', NULL, NULL, NULL, '0000-00-00', NULL, NULL, NULL, NULL, NULL);

-- --------------------------------------------------------

--
-- Structure de la table `reports_bunkering`
--

DROP TABLE IF EXISTS `reports_bunkering`;
CREATE TABLE IF NOT EXISTS `reports_bunkering` (
  `rb` int NOT NULL AUTO_INCREMENT,
  `usr` int NOT NULL,
  `vs` int NOT NULL,
  `id_trv` int NOT NULL,
  `bunkdebunk_vessel_status` int NOT NULL,
  `bunkdebunk_id_port` int NOT NULL,
  `bunkdebunk_start_transfert_date` date NOT NULL,
  `bunkdebunk_start_transfert_time` varchar(5) NOT NULL DEFAULT '00:00',
  `bunkdebunk_start_transfert_time_zone` varchar(5) NOT NULL,
  `bunkdebunk_end_transfert_date` date NOT NULL,
  `bunkdebunk_end_transfert_time` varchar(5) NOT NULL DEFAULT '00:00',
  `bunkdebunk_end_transfert_timezone` varchar(5) NOT NULL,
  `comptrans_lsfo` double NOT NULL,
  `comptrans_ulsfo` double NOT NULL,
  `comptrans_mgo` double NOT NULL,
  `recidis_operation` enum('Bunkering','Debunkering') NOT NULL DEFAULT 'Bunkering',
  `recidis_lsfo` double NOT NULL,
  `recidis_ulsfo` double NOT NULL,
  `recidis_mgo` double NOT NULL,
  `total_percent` int NOT NULL,
  `report_status` enum('in_progress','submited','completed','approuved','rejected') CHARACTER SET utf8mb3 COLLATE utf8mb3_general_ci NOT NULL DEFAULT 'in_progress',
  PRIMARY KEY (`rb`)
) ENGINE=MyISAM AUTO_INCREMENT=3 DEFAULT CHARSET=utf8mb3;

-- --------------------------------------------------------

--
-- Structure de la table `reports_departure`
--

DROP TABLE IF EXISTS `reports_departure`;
CREATE TABLE IF NOT EXISTS `reports_departure` (
  `rd` int NOT NULL AUTO_INCREMENT,
  `usr` int NOT NULL,
  `vs` int NOT NULL,
  `id_trv` int NOT NULL,
  `depdata_type` int DEFAULT NULL,
  `depdata_eu_uk_mrv` int DEFAULT NULL,
  `depdata_date` date DEFAULT NULL,
  `depdata_local_time` varchar(5) CHARACTER SET utf8mb3 COLLATE utf8mb3_general_ci DEFAULT NULL,
  `depdata_time_zone` varchar(5) CHARACTER SET utf8mb3 COLLATE utf8mb3_general_ci DEFAULT NULL,
  `depdata_gps_trip` int DEFAULT NULL,
  `depdata_speed_log_trip` int DEFAULT NULL,
  `depdata_type_cargo1` int DEFAULT NULL,
  `depdata_type_cargo2` int DEFAULT NULL,
  `depdata_total_volume_lng` int DEFAULT NULL,
  `depdata_total_cargo_onboard` int DEFAULT NULL,
  `weath_wind_force` varchar(10) DEFAULT NULL,
  `weath_sea_state` int DEFAULT NULL,
  `weath_bfrt` int DEFAULT NULL,
  `fg_toboilers` double DEFAULT NULL,
  `fg_dfde1` double DEFAULT NULL,
  `fg_dfde2` double DEFAULT NULL,
  `fg_dfde3` double DEFAULT NULL,
  `fg_dfde4` double DEFAULT NULL,
  `fg_gcu` double DEFAULT NULL,
  `fg_vapour_mast` double DEFAULT NULL,
  `lsfo` double DEFAULT NULL,
  `ulsfo` double DEFAULT NULL,
  `mgo` double DEFAULT NULL,
  `lng_ctms` double DEFAULT NULL,
  `lo` int DEFAULT NULL,
  `propulsion_stbd` double DEFAULT NULL,
  `propulsion_revo` double DEFAULT NULL,
  `voyplan_eta` date DEFAULT NULL,
  `voyplan_distancetogo` double DEFAULT NULL,
  `total_percent` int DEFAULT NULL,
  `report_status` enum('in_progress','completed','approuved') CHARACTER SET utf8mb3 COLLATE utf8mb3_general_ci DEFAULT NULL,
  PRIMARY KEY (`rd`)
) ENGINE=MyISAM AUTO_INCREMENT=53 DEFAULT CHARSET=utf8mb3;

--
-- Déchargement des données de la table `reports_departure`
--

INSERT INTO `reports_departure` (`rd`, `usr`, `vs`, `id_trv`, `depdata_type`, `depdata_eu_uk_mrv`, `depdata_date`, `depdata_local_time`, `depdata_time_zone`, `depdata_gps_trip`, `depdata_speed_log_trip`, `depdata_type_cargo1`, `depdata_type_cargo2`, `depdata_total_volume_lng`, `depdata_total_cargo_onboard`, `weath_wind_force`, `weath_sea_state`, `weath_bfrt`, `fg_toboilers`, `fg_dfde1`, `fg_dfde2`, `fg_dfde3`, `fg_dfde4`, `fg_gcu`, `fg_vapour_mast`, `lsfo`, `ulsfo`, `mgo`, `lng_ctms`, `lo`, `propulsion_stbd`, `propulsion_revo`, `voyplan_eta`, `voyplan_distancetogo`, `total_percent`, `report_status`) VALUES
(1, 0, 0, 1, 2, 3, '2024-12-08', '5', '300', 0, 270690, 8, 0, 0, 0, 'SE/3', 2, 0, 0, 5714307, 9257947, 8661878, 6166554, 9860197, 1268797, 1107, NULL, 470.46, 2717, 69537, 122340562, 122151794, '0000-00-00', 1608, NULL, NULL),
(2, 0, 0, 2, 2, NULL, '2024-11-11', '1135', '100', 0, 263942, 8, 0, 0, NULL, 'SE/2', 1, 0, 0, 5706878, 8337648, 8012274, 5717081, 96354544, 1266498, 1107, 0, 554.13, 4115, 74212, 120857434, 120671708, '0000-00-00', 250, NULL, NULL),
(3, 0, 0, 3, 2, 3, '2024-11-14', '1230', '100', 0, 264303, 8, 0, 142000, NULL, 'NE/2', 1, 0, 0, 5706676, 8380909, 8041087, 5763405, 9635454, 1266498, 1107, 0, 544.5, 146074, 74212, 120857434, 120671708, '0000-00-00', 1832, NULL, NULL),
(4, 0, 0, 4, 3, NULL, '2024-12-14', '1503', '100', 0, 272299, 8, 0, 164000, 0, 'NE/3', 2, 0, 0, 5835367, 9328482, 8849584, 6240744, 9905981, 1266823, 1107, NULL, 453.27, 168313.4, 69537, 122699580, 122507680, '0000-00-00', 820.52, NULL, NULL),
(5, 0, 0, 5, 2, 3, '2024-10-17', '1157', '200', 0, 259198, 8, 0, 0, 0, 'WNW/3', 2, 0, 0, 5516664, 7984399, 7520708, 5384184, 9549956, 1266498, 1107, NULL, 375.2, 3306, 77723, 118299733, 118114576, '0000-00-00', 1600, NULL, NULL),
(6, 0, 0, 6, 2, 3, '2024-11-20', '1545', '300', 0, 266107, 8, 0, 0, 0, 'SE/2', 1, 0, 0, 5706676, 8623933, 8261528, 5930115, 9635454, 1266498, 1107, 0, 521.16, 2870, 74212, 120857434, 120671708, '0000-00-00', 1918, NULL, NULL),
(7, 0, 0, 7, 3, NULL, '2024-10-22', '1515', '100', 0, 260678, 8, 0, 143000, 0, 'N/2', 1, 0, 0, 5655540, 8152721, 7520708, 5502104, 9549956, 1266498, 1107, 0, 354.85, 147059, 77723, 118299733, 118114576, '0000-00-00', 1600, NULL, NULL),
(8, 0, 0, 8, 2, 3, '2024-12-23', '130', '100', 0, 273712, 8, 0, 0, 0, 'N/3', 3, NULL, 0, 5924837, 9415725, 8958309, 6325589, 10126574, 1266823, 1107, NULL, 434.82, 3406.4, 69537, 123231124, 123038678, '0000-00-00', 820, NULL, NULL),
(9, 0, 0, 9, 2, 3, '2024-11-27', '745', '100', 0, 268007, 8, 0, 132000, NULL, 'NE/2', 1, 0, 0, 5706876, 8869162, 8471450, 6044208, 9649630, 1266498, 1107, NULL, 491.45, 136250.5, 74212, 121751355, 121565253, NULL, 1603.87, NULL, NULL),
(10, 0, 0, 10, 2, 3, '2024-12-27', '1530', '100', 0, 274667, 8, 0, 164000, 0, 'N/3', 2, NULL, 0, 5963774, 9460530, 9094756, 6353765, 10212441, 1266823, 1107, NULL, 421.96, 168142.4, 69537, 123221124, 123038678, '2010-12-02', 1482, NULL, NULL),
(11, 0, 0, 11, 2, 3, '2024-09-01', '10', '300', 0, 247656, 8, 0, NULL, 0, 'NE / 3', 3, 0, 0, 4991276, 6519529, 5965754, 5252990, 9320214, 1266474, 1107, NULL, 512, 2909.3, 71056, 117292917, 117107499, '0000-00-00', 1637, NULL, NULL),
(12, 0, 0, 12, 2, 3, '2024-10-01', NULL, '100', 0, 256143, 8, 0, 162000, 0, 'N/3', 2, 0, 0, 5351517, 7581922, 7148403, 5369131, 9486691, 1266498, 1107, 0, 410.8, 164907, 69141, 118299733, 118114576, '2011-02-02', 636, NULL, NULL),
(13, 0, 0, 13, 6, 3, '2024-03-03', ' ', ' ', 0, 0, 8, 0, 0, NULL, 'NW', 2, 0, 0, 0, NULL, NULL, NULL, NULL, NULL, 1107, 0, 0, 0, 35607, 0, 0, '0000-00-00', 0, NULL, NULL),
(14, 0, 0, 14, 2, 3, '2024-04-03', '1140', '100', 0, 212612, 8, 0, 168300, NULL, 'NW2', 2, 0, 0, 2926224, 4036951, 3278408, 3560505, 7229032, 1204288, 1107, 0, 418.23, 168145, 34400, 109589082, 109408646, '0000-00-00', 1640, NULL, NULL),
(15, 0, 0, 15, 2, 3, '2024-10-04', '2033', '200', 0, 256629, 8, 0, 0, 0, 'S/2', 2, 0, 0, 5372741, 7643614, 7251297, 5369131, 9518797, 1266498, 1107, 0, 402.62, 2535, 68401, 118299733, 118114576, '2031-02-02', 410, NULL, NULL),
(16, 0, 0, 16, 3, 3, '2024-02-06', '1724', '100', 0, 197017, 8, 0, 164000, NULL, 'SW/4', 4, 0, 0, 2869379, 2340237, 1499969, 3151083, 6923439, 1204288, 1107, 0, 534.8, 168323.2, 37117, 106195910, 106016131, '0000-00-00', 3000, NULL, NULL),
(17, 0, 0, 17, 3, NULL, '2024-06-06', '1410', '100', 0, 226894, 8, 0, 164000, 0, 'N/5', 4, 0, 0, 3525713, 4888158, 4439936, 4099116, 7914731, 1204288, 1107, 0, 512.2, 166631, 53898, 112728025, 112548484, '0000-00-00', 772, NULL, NULL),
(18, 0, 0, 18, 2, 3, '2024-09-06', '1435', '100', 0, 249272, 8, 0, 164000, 0, 'N/4', 3, 0, 0, 4991276, 6519529, 5965754, 5252990, 9320214, 1266474, 1107, 0, 493.88, 168374, 69141, 117634661, 117449611, '0000-00-00', 1460, NULL, NULL),
(19, 0, 0, 19, 2, NULL, '2024-05-07', '1835', '100', 0, 220713, 8, 0, 164000, 0, 'NE/4', 3, 0, 0, 3462528, 4070228, 4373356, 3612054, 7359326, 1204288, 1107, 0, 584, 167956, 59150, 111364379, 111181938, '0000-00-00', 556, NULL, NULL),
(20, 0, 0, 20, 2, 3, '2024-07-07', '1825', '100', 0, 233620, 8, 0, 164000, 0, 'NNW/5', 4, 0, 0, 4188029, 5329666, 4443036, 4732601, 8422661, 1205439, 1107, NULL, 417.2, 168182, 54777, 114217867, 114034163, '0000-00-00', 1591, NULL, NULL),
(21, 0, 0, 21, 2, NULL, '2024-11-08', '1535', '100', 0, 263455, 8, 0, 164000, NULL, 'NE/3', 2, 0, 0, 5706876, 8265393, 7987034, 5657739, 9635454, 1266498, 1107, 0, 568, 168382, 74212, 120747308, 120561770, '0000-00-00', 530, NULL, NULL),
(22, 0, 0, 22, 2, 3, '2024-03-09', '1805', '100', 0, 206462, 8, 0, 0, NULL, 'NW', 2, 0, 0, 2926224, 3264776, 2623401, 3340385, 7044189, 1204288, 1107, 0, 467.6, 2338.9, 35607, 108233496, 108054122, '0000-00-00', 385, NULL, NULL),
(23, 0, 0, 23, 2, 3, '2024-04-09', '25', '200', 0, 214176, 8, 0, 0, NULL, 'ENE/2', 1, 0, 0, 3043674, 4038764, 3501684, 3580652, 7247281, 1204288, 1107, 0, 408.39, 3690.6, 45200, 109934440, 109753415, '0000-00-00', 1610, NULL, NULL),
(24, 0, 0, 24, 3, NULL, '2024-10-09', '1415', '100', 0, 257542, 8, 0, 147900, 0, 'WNW/3', 2, 0, 0, 5376696, 7750273, 7417913, 5369131, 9527197, 1266498, 1107, NULL, 396.38, 151933, 77723, 118299733, 118114576, '0000-00-00', 1600, NULL, NULL),
(25, 0, 0, 25, 2, 3, '2024-06-10', '2308', '200', 0, 227668, 8, 0, 0, 0, 'SE/2', 2, 0, 0, 3586282, 5028495, 4439936, 4179163, 7955420, 1204288, 1107, 0, 494.37, 1960.2, 53898, 112902439, 112722894, '0000-00-00', 773, NULL, NULL),
(26, 0, 0, 26, 2, 3, '2024-05-11', '1412', '200', 0, 221455, 8, 0, 0, 0, 'S/2', 2, 0, 0, 3498234, 4171519, 4373644, 3676097, 7396407, 1204288, 1107, 0, 576.86, 3582.4, 59150, 111529330, 111347655, '0000-00-00', 537, NULL, NULL),
(27, 0, 0, 27, 2, 3, '2024-09-11', '1540', '300', 0, 250709, 8, 0, NULL, NULL, 'W/3', 2, 0, 0, 4991276, 6519529, 5965754, 5252990, 9320214, 1266474, 1107, 0, 475.71, 3488.9, 69141, 117950286, 117765427, '0000-00-00', 1464, NULL, NULL),
(28, 0, 0, 28, 2, 3, '2024-07-13', '53', '300', 0, 235193, 8, 0, 0, 0, 'N/3', 4, 0, 0, 4292350, 5509565, 4639053, 4822527, 8438169, 1205558, 1107, NULL, 400.76, 3180, 54777, 114572424, 114387637, '0000-00-00', 1635, NULL, NULL),
(29, 0, 0, 29, 3, NULL, '2024-05-14', '2020', '100', 0, 221991, 8, 0, 140000, 0, 'WSW/4', 3, 0, 0, 3525512, 4234721, 4439936, 3677794, 7457399, 1204288, 1107, 0, 571.8, 144055, 55041, 111646211, 111464346, '0000-00-00', 1499, NULL, NULL),
(30, 0, 0, 30, 2, NULL, '2024-06-14', '710', '100', 0, 228440, 8, 0, 143000, 0, 'SW/2', 2, 0, 0, 3586282, 5028495, 4439936, 4179163, 7955420, 1204288, 1107, 0, 475.46, 147173.4, 53898, 112902439, 112722894, '0000-00-00', 542, NULL, NULL),
(31, 0, 0, 31, 2, NULL, '2024-04-15', '1200', '100', 0, 215758, 8, 0, 150000, NULL, 'N/3', 2, 0, 0, 3159357, 4038764, 3705520, 3580652, 7326081, 1204288, 1107, 0, 391.54, 154118, 45200, 110273700, 110092098, '0000-00-00', 1675, NULL, NULL),
(32, 0, 0, 32, 2, 3, '2024-08-15', '1655', '100', 0, 242819, 8, 0, 164000, 0, 'NNE / 5', 4, 0, 0, 4744438, 5938747, 5401639, 5008902, 9274039, 1266474, 1107, NULL, 556.78, 168207.9, 71056, 116232747, 116045577, '0000-00-00', 1609.1, NULL, NULL),
(33, 0, 0, 33, 2, 3, '2024-01-16', '1820', '300', 0, 190768, 8, 0, 0, NULL, 'W/3', 3, 0, NULL, 2847794, 1552359, 738150, 3130584, 6862646, 1204288, 1107, 0, 573.3, 3485.2, 38817, 104861762, 104678703, '0000-00-00', 1477, NULL, NULL),
(34, 0, 0, 34, 2, 3, '2024-02-16', '1940', '300', 0, 200149, 8, 0, 0, NULL, 'NE/4', 3, 0, 0, 2873429, 2759059, 1930938, 3159628, 6953967, 1204288, 1107, NULL, 514.7, 2930, 36207, 106876293, 106696309, '0000-00-00', 1467, NULL, NULL),
(35, 0, 0, 35, 2, NULL, '2024-06-16', '1755', '200', 0, 228974, 8, 0, 0, 0, 'SSW/3', 2, 0, 0, 3586282, 5028495, 4439936, 4179163, 7955420, 1204288, 1107, 0, 464, 3705, 53898, 113187285, 113008144, '0000-00-00', 552, NULL, NULL),
(36, 0, 0, 36, 2, 3, '2024-09-17', '1740', '100', 0, NULL, 8, 0, 164000, 0, 'NE/4', 3, 0, 0, 4991276, 6519529, 5965754, 5252990, 9320214, 1266474, 1107, 0, 462.12, 168241, 69141, 118299733, 118114576, '0000-00-00', 2060, NULL, NULL),
(37, 0, 0, 37, 2, 3, '2024-07-20', '1415', '100', 0, 236899, 8, 0, 164000, 0, 'N / 4', 4, 0, 0, 4389673, 5698234, 4748805, 4920589, 8601230, 1207266, 1107, NULL, 630.1, 168081.8, 54777, 114934856, 114747986, '0000-00-00', 1628.88, NULL, NULL),
(38, 0, 0, 38, 2, 3, '2024-08-20', '2330', '300', 0, 244395, 8, 0, NULL, 0, 'NE / 3', 3, 0, 0, 4843813, 6126429, 5589289, 5113584, 9299183, 1266474, 1107, NULL, 533, 3224.3, 71056, 116584599, 116398521, '0000-00-00', 1665, NULL, NULL),
(39, 0, 0, 39, 3, 3, '2024-06-21', '1535', '100', 0, 229937, 8, 0, 132000, 0, 'N/5', 4, 0, 0, 3780283, 5190201, 4439936, 4410270, 8032428, 1204288, 1107, 0, 447.8, 136214.4, 53898, 113397866, 113216523, '0000-00-00', 1482, NULL, NULL),
(40, 0, 0, 40, 3, 3, '2024-02-24', '815', '100', 0, 202037, 8, 0, 142000, NULL, 'SSW', 5, 0, 0, 2925490, 2932376, 2154265, 3203019, 6967146, 1204288, 1107, NULL, 495.2, 146253.5, 35907, 107271065, 107090906, '0000-00-00', 2760, NULL, NULL),
(41, 0, 0, 41, 2, 3, '2024-05-24', '28', '200', 0, 224196, 8, 0, 0, 0, 'S/2', 2, 0, 0, 3525713, 4551670, 4439936, 3886557, 7541222, 1204288, 1107, 0, 557.56, 3129, 55041, 112133135, 111952878, '0000-00-00', 1503, NULL, NULL),
(42, 0, 0, 42, 2, 3, '2024-07-26', '2327', '300', 0, 238564, 8, 0, 0, 0, 'N / 2', 2, 0, 0, 4507457, 5858617, 4862649, 5008107, 8750960, 1209504, 1107, NULL, 615.78, 2910.5, 54777, 115304610, 115118225, '0000-00-00', 1643, NULL, NULL),
(43, 0, 0, 43, 2, 3, '2024-08-26', '1650', '300', 0, 246034, 8, 0, 142000, 0, 'NNE / 2', 3, 0, 0, 4905253, 6315125, 5777579, 5154643, 0, 1266474, 1107, NULL, 522.2, 145998.6, 71056, 116934828, 116748192, '0000-00-00', 1605, NULL, NULL),
(44, 0, 0, 44, 2, 3, '2024-01-28', '950', '100', 0, 194223, NULL, 0, 0, NULL, 'NNE/3', 3, 0, NULL, 2869379, 2015197, 1167352, 3131189, 6897082, 1204288, 1107, 0, 551.8, 3429.6, 38657, 105603271, 105422182, NULL, 1465, NULL, NULL),
(45, 0, 0, 45, 2, 3, '2024-10-28', '2250', '100', 0, 261806, 8, 0, 0, 0, 'VAR/1', 1, 0, 0, 5706876, 8224878, 7662377, 5578384, 9557205, 1266498, 1107, 0, 590, 3247, 77723, 118299733, 118114576, '0000-00-00', 790, NULL, NULL),
(46, 0, 0, 46, 3, 3, '2024-06-30', '1245', '300', 0, 232072, 8, 0, 0, 0, 'NE/4', 3, 0, 0, 4009695, 5195493, 4439936, 4653479, 8254840, 1205439, 1107, 0, 430.98, 3043.6, 53898, 113879000, 113695843, '0000-00-00', 1487, NULL, NULL),
(47, 0, 0, 47, 3, 3, '2024-01-10', '755', '100', 0, 189093, 8, 0, 164000, NULL, 'WSW/3', 2, 0, NULL, 2847276, 1314741, 506245, 3127796, 6808581, 1204288, 1107.88, 0, 585.9, 168254.5, 39917, 104497508, 104314103, '0000-00-00', 1700, NULL, NULL),
(48, 0, 0, 48, 2, 3, '2024-06-10', '2308', '200', 0, 227668, 8, 0, 0, 0, 'SE/2', 2, 0, 0, 3586282, 5028495, 4439936, 4179163, 7955420, 1204288, 1107, 0, 494.37, 1960.2, 53898, 112902439, 112722894, '0000-00-00', 773, NULL, NULL),
(49, 0, 0, 49, 3, 3, '2024-01-03', '2205', '300', 0, 0, 8, 8, 0, 0, 'SW /2', 3, 0, 0, 2750763, 1114052, 316854, 3062429, 6767934, NULL, 1107.88, 0, 598, 3046.7, 39917, 104109943, 103926273, '1980-12-02', 1544, NULL, NULL),
(50, 0, 0, 50, 3, 3, '2024-03-16', '1638', '100', 0, 208153, 8, 0, 132000, NULL, 'NE', 2, 0, 0, 2926224, 3476485, 2776413, 3399545, 7070585, 1204288, 1107, 0, 450.57, 136308.6, 35600, 108607929, 108428419, '0000-00-00', 2300, NULL, NULL),
(51, 0, 0, 51, 3, 3, '2024-03-24', '1315', '200', 0, 210480, 8, 0, 0, NULL, 'SSE/3', 2, 0, 0, 2926224, 3782113, 3003682, 3465831, 7110693, 1204288, 1107, 0, 438.22, 3227, 35600, 109112692, 108932430, '0000-00-00', 1990, NULL, NULL),
(52, 0, 0, 52, 2, 3, '2024-10-28', '2250', '100', 0, 261806, 8, 0, 0, 0, 'VAR/1', 1, 0, 0, 5706876, 8224878, 7662377, 5578384, 9572792, 1266498, 1107, 0, 590, 3247, 77723, 118299733, 118114576, '0000-00-00', 790, NULL, NULL);

-- --------------------------------------------------------

--
-- Structure de la table `reports_noon`
--

DROP TABLE IF EXISTS `reports_noon`;
CREATE TABLE IF NOT EXISTS `reports_noon` (
  `nr` int NOT NULL AUTO_INCREMENT,
  `usr` int NOT NULL,
  `vs` int NOT NULL,
  `id_trv` int NOT NULL,
  `master` int NOT NULL,
  `date_redaction` datetime NOT NULL,
  `vessel_status` int NOT NULL,
  `voyage_ref` varchar(150) NOT NULL,
  `dcs_voy_dcs` varchar(50) NOT NULL,
  `port_destination` int NOT NULL,
  `date_noon` date NOT NULL,
  `local_time` varchar(5) NOT NULL DEFAULT '00:00',
  `time_zone` varchar(50) NOT NULL,
  `latitude` varchar(12) NOT NULL,
  `longitude` varchar(12) CHARACTER SET utf8mb3 COLLATE utf8mb3_general_ci NOT NULL,
  `course` varchar(3) NOT NULL,
  `speed` double NOT NULL,
  `gps_trip` int NOT NULL,
  `distance` int NOT NULL,
  `speed_log` int NOT NULL,
  `sosp_date` date NOT NULL,
  `sosp_local_time` varchar(5) NOT NULL DEFAULT '00:00',
  `sosp_time_zone` varchar(50) NOT NULL,
  `sosp_gps_trip` int NOT NULL,
  `sosp_speed_log` int NOT NULL,
  `sosp_lsfo` double NOT NULL,
  `sosp_ulsfo` double NOT NULL,
  `sosp_mgo` double NOT NULL,
  `sosp_lng_ctms` double NOT NULL,
  `wind` int NOT NULL,
  `sea_state` int NOT NULL,
  `hours_wind` int NOT NULL,
  `tank1_temp_p` double NOT NULL,
  `tank1_temp_s` double NOT NULL,
  `tank2_temp_p` double NOT NULL,
  `tank2_temp_s` double NOT NULL,
  `tank3_temp_p` double NOT NULL,
  `tank3_temp_s` double NOT NULL,
  `tank4_temp_p` double NOT NULL,
  `tank4_temp_s` double NOT NULL,
  `tank1_pres_p` double NOT NULL,
  `tank1_pres_s` double NOT NULL,
  `tank2_pres_p` double NOT NULL,
  `tank2_pres_s` double NOT NULL,
  `tank3_pres_p` double NOT NULL,
  `tank3_pres_s` double NOT NULL,
  `tank4_pres_p` double NOT NULL,
  `tank4_pres_s` double NOT NULL,
  `eosp_date` date NOT NULL,
  `eosp_local_time` varchar(5) NOT NULL DEFAULT '00:00',
  `oesp_time_zone` varchar(50) NOT NULL,
  `oesp_gps_trip` int NOT NULL,
  `oesp_speed_log` int NOT NULL,
  `oesp_lsfo` double NOT NULL,
  `oesp_ulsfo` double NOT NULL,
  `oesp_mgo` double NOT NULL,
  `oesp_lng_ctms` double NOT NULL,
  `noon_lsfo` double NOT NULL,
  `noon_ulsfo` double NOT NULL,
  `noon_mgo` double NOT NULL,
  `noon_lng_ctms` double NOT NULL,
  `noon_lo` int NOT NULL,
  `propdata_rpm_at_noon` int NOT NULL,
  `propdata_prc_stbd` varchar(200) NOT NULL,
  `propdata_prc_port` varchar(200) NOT NULL,
  `eta_date` date NOT NULL,
  `eta_local_time` varchar(5) NOT NULL DEFAULT '00:00',
  `eta_time_zone` varchar(50) NOT NULL,
  `dad_port` int NOT NULL,
  `dad_da_date` date NOT NULL,
  `dad_local_time` varchar(5) NOT NULL DEFAULT '00:00',
  `dad_time_zone` varchar(50) NOT NULL,
  `dad_gps_trip` int NOT NULL,
  `aud_date` date NOT NULL,
  `aud_local_time` varchar(5) NOT NULL DEFAULT '00:00',
  `aud_time_zone` varchar(50) NOT NULL,
  `aud_gps_trip` int NOT NULL,
  `report_status` enum('in_progress','submited','rejected','approuved') CHARACTER SET utf8mb3 COLLATE utf8mb3_general_ci NOT NULL DEFAULT 'in_progress',
  PRIMARY KEY (`nr`)
) ENGINE=MyISAM AUTO_INCREMENT=2 DEFAULT CHARSET=utf8mb3;

-- --------------------------------------------------------

--
-- Structure de la table `ro`
--

DROP TABLE IF EXISTS `ro`;
CREATE TABLE IF NOT EXISTS `ro` (
  `id_ro` int NOT NULL AUTO_INCREMENT,
  `ro` varchar(50) NOT NULL,
  PRIMARY KEY (`id_ro`)
) ENGINE=MyISAM AUTO_INCREMENT=3 DEFAULT CHARSET=utf8mb3;

--
-- Déchargement des données de la table `ro`
--

INSERT INTO `ro` (`id_ro`, `ro`) VALUES
(1, 'BV'),
(2, 'OTHER');

-- --------------------------------------------------------

--
-- Structure de la table `type_call`
--

DROP TABLE IF EXISTS `type_call`;
CREATE TABLE IF NOT EXISTS `type_call` (
  `tcl` int NOT NULL AUTO_INCREMENT,
  `type_tcl_name` varchar(150) NOT NULL,
  PRIMARY KEY (`tcl`)
) ENGINE=MyISAM AUTO_INCREMENT=7 DEFAULT CHARSET=utf8mb3;

--
-- Déchargement des données de la table `type_call`
--

INSERT INTO `type_call` (`tcl`, `type_tcl_name`) VALUES
(1, 'Bunkering'),
(2, 'Cargo operations-Berth'),
(3, 'Cargo operations-STS'),
(4, 'Repairs/Drydock'),
(5, 'Shelter/Refuge'),
(6, 'Other');

-- --------------------------------------------------------

--
-- Structure de la table `type_cargo`
--

DROP TABLE IF EXISTS `type_cargo`;
CREATE TABLE IF NOT EXISTS `type_cargo` (
  `tc` int NOT NULL AUTO_INCREMENT,
  `type_name` varchar(150) NOT NULL,
  PRIMARY KEY (`tc`)
) ENGINE=MyISAM AUTO_INCREMENT=12 DEFAULT CHARSET=utf8mb3;

--
-- Déchargement des données de la table `type_cargo`
--

INSERT INTO `type_cargo` (`tc`, `type_name`) VALUES
(1, 'Amonia'),
(2, 'Bitumen'),
(3, 'Butane'),
(4, 'Diesel Oil'),
(5, 'Fuel Oil'),
(6, 'Gasoline'),
(7, 'Kerosene'),
(8, 'Methane'),
(9, 'Propane'),
(10, 'Other'),
(11, '');

-- --------------------------------------------------------

--
-- Structure de la table `vessels`
--

DROP TABLE IF EXISTS `vessels`;
CREATE TABLE IF NOT EXISTS `vessels` (
  `vs` int NOT NULL AUTO_INCREMENT,
  `name` varchar(100) NOT NULL,
  `cat` int NOT NULL,
  `flag` int NOT NULL,
  `imo_number` varchar(225) NOT NULL,
  `class` varchar(100) NOT NULL,
  `capacity` varchar(100) NOT NULL,
  `prop_kw` varchar(100) NOT NULL,
  `lht` varchar(100) NOT NULL,
  `grt` varchar(50) NOT NULL,
  `nrt` varchar(50) NOT NULL,
  `dwt` varchar(50) NOT NULL,
  `crew` int NOT NULL,
  `showit` enum('0','1') NOT NULL DEFAULT '1',
  `deleted` enum('0','1') NOT NULL,
  PRIMARY KEY (`vs`)
) ENGINE=MyISAM AUTO_INCREMENT=15 DEFAULT CHARSET=utf8mb3;

--
-- Déchargement des données de la table `vessels`
--

INSERT INTO `vessels` (`vs`, `name`, `cat`, `flag`, `imo_number`, `class`, `capacity`, `prop_kw`, `lht`, `grt`, `nrt`, `dwt`, `crew`, `showit`, `deleted`) VALUES
(1, 'OUGARTA', 1, 1, '9761267', 'Lloyd\'s Register', '171 800', '27 780', '291.5', '112 867', '35 325', '94 575', 32, '1', '0'),
(2, 'TESSALA', 1, 1, '9761243', 'Lloyd\'s Register', '171 800', '27 780', '291.5', '112 867', '35 325', '94 575', 32, '1', '0'),
(3, 'LALLA FATMA N\'SOUMER', 1, 2, '9275347', 'Breau Veritas', '145 445', 'ST / 26 496', '289.5', '118 363', '35 508', '80 920', 31, '1', '0'),
(4, 'CHEIKH BOUAMAMA', 1, 2, '9324344', 'Bureau Veritas', '75 500', 'ST / 13 500', '220', '53 500', '16 050', '44 250', 28, '1', '0'),
(5, 'CHEIKH EL MOKRANI', 1, 2, '9324332', 'Bureau Veritas', '75 500', 'ST / 13 500', '220', '53 500', '16 050', '44 250', 28, '1', '0'),
(6, 'BERGA II', 2, 1, '9537032', 'Lloyd\'s Register', '35 000', 'DM / 9 960', '174.2', '23 059', '6 917', '22 450', 32, '1', '0'),
(7, 'RHOURD EL FARES', 2, 1, '9537044', 'Lloyd\'s Register', '35 500', 'DM / 9 960', '174.2', '23 059', '6 914', '22 450', 32, '1', '0'),
(8, 'RHOURD EL ADRA', 2, 1, '9320855', 'Bureau Veritas', '22 500', 'DM / 7 280', '156', '16 800', '5 100', '19 400', 30, '1', '0'),
(9, 'RHOURD EL HAMRA', 2, 1, '9337793', 'Bureau Veritas', '22 500', 'DM / 7 280', '156', '16 800', '5 100', '19 400', 30, '1', '0'),
(10, 'HASSI BERKINE', 2, 1, '9809045', 'Bureau Veritas', '13 000', 'DM / 4 920', '146.2', '12 293', '3 687', '9 500', 23, '1', '0'),
(11, 'HASSI TOUAREG', 2, 1, '9853577', 'Bureau Veritas', '13 000', 'DM / 4 920', '146.2', '12 293', '3 687', '9 500', 23, '1', '0'),
(12, 'AIN ZEFT', 3, 1, '9265380', 'Germanischer / Lloyd\'s Register', '4 577', 'DM / 2 880', '108.5', '4 243', '1 273', '4 999', 17, '1', '0'),
(13, 'RAS TOMB', 3, 1, '9265392', 'Germanischer / Lloyd\'s Register', '4 577', 'DM / 2 880', '108.5', '4 243', '1 273', '4 999', 17, '1', '0'),
(14, 'In Ecker', 4, 1, '9861483', 'Bureau Veritas', '46 500', 'DM / 8590', '183.06', '26 371', '10 176', '39 971', 24, '1', '0');

-- --------------------------------------------------------

--
-- Structure de la table `vessels_status`
--

DROP TABLE IF EXISTS `vessels_status`;
CREATE TABLE IF NOT EXISTS `vessels_status` (
  `vsst` int NOT NULL AUTO_INCREMENT,
  `vsst_title` varchar(150) NOT NULL,
  PRIMARY KEY (`vsst`)
) ENGINE=MyISAM AUTO_INCREMENT=9 DEFAULT CHARSET=utf8mb3;

--
-- Déchargement des données de la table `vessels_status`
--

INSERT INTO `vessels_status` (`vsst`, `vsst_title`) VALUES
(1, 'At Anchor'),
(2, 'At Berth'),
(3, 'Ballast sea passage'),
(4, 'Channel transit'),
(5, 'Laden sea passage'),
(6, 'Waiting-adrift'),
(7, 'Waiting berth-laden'),
(8, 'Waiting berth-OnBallast');

-- --------------------------------------------------------

--
-- Structure de la table `voyages`
--

DROP TABLE IF EXISTS `voyages`;
CREATE TABLE IF NOT EXISTS `voyages` (
  `id_trv` int NOT NULL AUTO_INCREMENT,
  `usr` int NOT NULL,
  `vs` int NOT NULL,
  `num_trv` int NOT NULL,
  `dcs_number` int NOT NULL,
  `date_departure` date DEFAULT NULL,
  `time_departure` varchar(5) CHARACTER SET utf8mb3 COLLATE utf8mb3_general_ci DEFAULT '00:00',
  `time_zone_departure` varchar(5) CHARACTER SET utf8mb3 COLLATE utf8mb3_general_ci DEFAULT NULL,
  `date_arrival` date DEFAULT NULL,
  `time_arrival` time DEFAULT NULL,
  `time_zone_arrival` varchar(10) CHARACTER SET utf8mb3 COLLATE utf8mb3_general_ci DEFAULT NULL,
  `id_port_depart` int DEFAULT NULL,
  `id_port_arrival` int DEFAULT NULL,
  `crg_op` enum('Y','N') CHARACTER SET utf8mb3 COLLATE utf8mb3_general_ci DEFAULT 'N',
  `eu` enum('Y','N') CHARACTER SET utf8mb3 COLLATE utf8mb3_general_ci DEFAULT 'N',
  `uk` enum('Y','N') CHARACTER SET utf8mb3 COLLATE utf8mb3_general_ci DEFAULT 'N',
  `cii_rate_letter` enum('NONE','A','B','C','D','E') CHARACTER SET utf8mb3 COLLATE utf8mb3_general_ci DEFAULT 'NONE',
  `cii_rate_score` double DEFAULT NULL,
  `status` enum('in_progress','canceled','completed') CHARACTER SET utf8mb3 COLLATE utf8mb3_general_ci DEFAULT 'in_progress',
  PRIMARY KEY (`id_trv`)
) ENGINE=MyISAM AUTO_INCREMENT=53 DEFAULT CHARSET=utf8mb3;

--
-- Déchargement des données de la table `voyages`
--

INSERT INTO `voyages` (`id_trv`, `usr`, `vs`, `num_trv`, `dcs_number`, `date_departure`, `time_departure`, `time_zone_departure`, `date_arrival`, `time_arrival`, `time_zone_arrival`, `id_port_depart`, `id_port_arrival`, `crg_op`, `eu`, `uk`, `cii_rate_letter`, `cii_rate_score`, `status`) VALUES
(1, 0, 0, 0, 50, '2024-12-08', '5', '300', '2024-12-12', '00:18:45', '100', 6, 1, 'N', 'N', 'N', 'NONE', NULL, 'in_progress'),
(2, 0, 0, 0, 46, '2024-11-11', '1135', '100', '2024-01-02', '00:10:10', '300', 8, 1, 'N', 'N', 'N', 'NONE', NULL, 'in_progress'),
(3, 0, 0, 0, 47, '2024-11-14', '1230', '100', '2024-11-19', '00:11:10', '300', 1, 10, 'N', 'N', 'N', 'NONE', NULL, 'in_progress'),
(4, 0, 0, 0, 51, '2024-12-14', '1503', '100', '2024-12-21', '00:02:30', '100', 1, 11, 'N', 'N', 'N', 'NONE', NULL, 'in_progress'),
(5, 0, 0, 0, 42, '2024-10-17', '1157', '200', '2024-10-21', '00:10:15', '100', 12, 1, 'N', 'N', 'N', 'NONE', NULL, 'in_progress'),
(6, 0, 0, 0, 48, '2024-11-20', '1545', '300', '2024-11-25', '00:16:30', '100', 10, 1, 'N', 'N', 'N', 'NONE', NULL, 'in_progress'),
(7, 0, 0, 0, 43, '2024-10-22', '1515', '100', '2024-10-27', '00:00:24', '200', 1, 11, 'N', 'N', 'N', 'NONE', NULL, 'in_progress'),
(8, 0, 0, 0, 52, '2024-12-23', '130', '100', '2024-12-26', '00:10:30', '100', 11, 1, 'N', 'N', 'N', 'NONE', NULL, 'in_progress'),
(9, 0, 0, 0, 49, '2024-11-27', '745', '100', NULL, NULL, NULL, 1, 6, 'N', 'N', 'N', 'NONE', NULL, 'in_progress'),
(10, 0, 0, 0, 53, '2024-12-27', '1530', '100', NULL, NULL, NULL, 1, 7, 'N', 'N', 'N', 'NONE', NULL, 'in_progress'),
(11, 0, 0, 0, 34, '2024-09-01', '10', '300', NULL, NULL, NULL, 5, 1, 'N', 'N', 'N', 'NONE', NULL, 'in_progress'),
(12, 0, 0, 0, 39, '2024-10-01', NULL, '100', '2024-10-03', '00:10:45', '200', 1, 14, 'N', 'N', 'N', 'NONE', NULL, 'in_progress'),
(13, 0, 0, 0, 10, '2024-03-03', ' ', ' ', '2024-03-15', '00:13:20', '100', 10, 1, 'N', 'N', 'N', 'NONE', NULL, 'in_progress'),
(14, 0, 0, 0, 12, '2024-04-03', '1140', '100', '2024-04-02', '00:08:30', '100', 1, 5, 'N', 'N', 'N', 'NONE', NULL, 'in_progress'),
(15, 0, 0, 0, 40, '2024-10-04', '2033', '200', '2024-10-08', '00:13:10', '100', 14, 1, 'N', 'N', 'N', 'NONE', NULL, 'in_progress'),
(16, 0, 0, 0, 6, '2024-02-06', '1724', '100', NULL, NULL, NULL, 1, 7, 'N', 'N', 'N', 'NONE', NULL, 'in_progress'),
(17, 0, 0, 0, 21, '2024-06-06', '1410', '100', '2024-06-09', '00:00:30', '200', 1, 11, 'N', 'N', 'N', 'NONE', NULL, 'in_progress'),
(18, 0, 0, 0, 35, '2024-09-06', '1435', '100', '2024-09-10', '00:09:55', '300', 1, 7, 'N', 'N', 'N', 'NONE', NULL, 'in_progress'),
(19, 0, 0, 0, 17, '2024-05-07', '1835', '100', '2024-05-10', '00:10:10', '200', 1, 4, 'N', 'N', 'N', 'NONE', NULL, 'in_progress'),
(20, 0, 0, 0, 27, '2024-07-07', '1825', '100', '2024-07-12', '00:01:18', '300', 1, 5, 'N', 'N', 'N', 'NONE', NULL, 'in_progress'),
(21, 0, 0, 0, 45, '2024-11-08', '1535', '100', '2024-11-10', '00:09:25', '100', 1, 8, 'N', 'N', 'N', 'NONE', NULL, 'in_progress'),
(22, 0, 0, 0, 10, '2024-03-09', '1805', '100', NULL, NULL, NULL, 15, 1, 'N', 'N', 'N', 'NONE', NULL, 'in_progress'),
(23, 0, 0, 0, 14, '2024-04-09', '25', '200', '2024-04-20', '00:08:50', '100', 5, 1, 'N', 'N', 'N', 'NONE', NULL, 'in_progress'),
(24, 0, 0, 0, 41, '2024-10-09', '1415', '100', '2024-10-14', '00:21:50', '200', 1, 12, 'N', 'N', 'N', 'NONE', NULL, 'in_progress'),
(25, 0, 0, 0, 22, '2024-06-10', '2308', '200', '2024-06-13', '00:10:41', '100', 11, 1, 'N', 'N', 'N', 'NONE', NULL, 'in_progress'),
(26, 0, 0, 0, 18, '2024-05-11', '1412', '200', '2024-05-13', '00:08:20', '100', 4, 1, 'N', 'N', 'N', 'NONE', NULL, 'in_progress'),
(27, 0, 0, 0, 35, '2024-09-11', '1540', '300', NULL, NULL, NULL, 7, 1, 'N', 'N', 'N', 'NONE', NULL, 'in_progress'),
(28, 0, 0, 0, 28, '2024-07-13', '53', '300', '2024-07-19', '00:08:20', '100', 5, 1, 'N', 'N', 'N', 'NONE', NULL, 'in_progress'),
(29, 0, 0, 0, 19, '2024-05-14', '2020', '100', '2024-05-22', '00:09:48', '200', 1, 16, 'N', 'N', 'N', 'NONE', NULL, 'in_progress'),
(30, 0, 0, 0, 23, '2024-06-14', '710', '100', '2024-06-15', '00:19:20', '200', 1, 4, 'N', 'N', 'N', 'NONE', NULL, 'in_progress'),
(31, 0, 0, 0, 15, '2024-04-15', '1200', '100', '2024-05-06', '00:08:35', '100', 1, 17, 'N', 'N', 'N', 'NONE', NULL, 'in_progress'),
(32, 0, 0, 0, 31, '2024-08-15', '1655', '100', '2024-08-19', '00:17:50', '300', 1, 5, 'N', 'N', 'N', 'NONE', NULL, 'in_progress'),
(33, 0, 0, 0, 3, '2024-01-16', '1820', '300', '2024-01-21', '00:14:00', '100', 7, 1, 'N', 'N', 'N', 'NONE', NULL, 'in_progress'),
(34, 0, 0, 0, 7, '2024-02-16', '1940', '300', NULL, NULL, NULL, 7, 1, 'N', 'N', 'N', 'NONE', NULL, 'in_progress'),
(35, 0, 0, 0, 24, '2024-06-16', '1755', '200', '2024-06-20', '00:13:55', '100', 4, 1, 'N', 'N', 'N', 'NONE', NULL, 'in_progress'),
(36, 0, 0, 0, 36, '2024-09-17', '1740', '100', '2024-09-16', '00:13:15', '100', 1, 5, 'N', 'N', 'N', 'NONE', NULL, 'in_progress'),
(37, 0, 0, 0, 29, '2024-07-20', '1415', '100', '2024-07-25', '00:17:00', '300', 1, 5, 'N', 'N', 'N', 'NONE', NULL, 'in_progress'),
(38, 0, 0, 0, 32, '2024-08-20', '2330', '300', '2024-08-25', '00:14:10', '100', 5, 1, 'N', 'N', 'N', 'NONE', NULL, 'in_progress'),
(39, 0, 0, 0, 25, '2024-06-21', '1535', '100', '2024-06-29', '00:08:30', '300', 1, 7, 'N', 'N', 'N', 'NONE', NULL, 'in_progress'),
(40, 0, 0, 0, 8, '2024-02-24', '815', '100', '2024-03-02', '00:10:45', '300', 1, 10, 'N', 'N', 'N', 'NONE', NULL, 'in_progress'),
(41, 0, 0, 0, 20, '2024-05-24', '28', '200', '2024-06-04', '00:14:55', '100', 12, 1, 'N', 'N', 'N', 'NONE', NULL, 'in_progress'),
(42, 0, 0, 0, 30, '2024-07-26', '2327', '300', '2024-08-14', '00:09:00', '100', 5, 1, 'N', 'N', 'N', 'NONE', NULL, 'in_progress'),
(43, 0, 0, 0, 33, '2024-08-26', '1650', '300', '2024-08-30', '00:21:00', '300', 1, 5, 'N', 'N', 'N', 'NONE', NULL, 'in_progress'),
(44, 0, 0, 0, 4, '2024-01-28', '950', '100', '2024-01-27', '00:10:10', '300', 7, 1, 'N', 'N', 'N', 'NONE', NULL, 'in_progress'),
(45, 0, 0, 0, 44, '2024-10-28', '2250', '100', '2024-11-07', '00:09:00', '100', 11, 1, 'N', 'N', 'N', 'NONE', NULL, 'in_progress'),
(46, 0, 0, 0, 26, '2024-06-30', '1245', '300', '2024-07-06', '00:13:40', '100', 7, 1, 'N', 'N', 'N', 'NONE', NULL, 'in_progress'),
(47, 0, 0, 0, 2, '2024-01-10', '755', '100', '2024-01-15', '00:11:10', '300', 1, 7, 'N', 'N', 'N', 'NONE', NULL, 'in_progress'),
(48, 0, 0, 0, 22, '2024-06-10', '2308', '200', NULL, NULL, NULL, 11, 1, 'N', 'N', 'N', 'NONE', NULL, 'in_progress'),
(49, 0, 0, 0, 2, '2024-01-03', '2205', '300', NULL, NULL, NULL, 6, 1, 'N', 'N', 'N', 'NONE', NULL, 'in_progress'),
(50, 0, 0, 0, 11, '2024-03-16', '1638', '100', '2024-03-23', '00:09:30', '200', 1, 7, 'N', 'N', 'N', 'NONE', NULL, 'in_progress'),
(51, 0, 0, 0, 11, '2024-03-24', '1315', '200', NULL, NULL, NULL, 7, 1, 'N', 'N', 'N', 'NONE', NULL, 'in_progress'),
(52, 0, 0, 0, 44, '2024-10-28', '2250', '100', NULL, NULL, NULL, 11, 1, 'N', 'N', 'N', 'NONE', NULL, 'in_progress');
COMMIT;

/*!40101 SET CHARACTER_SET_CLIENT=@OLD_CHARACTER_SET_CLIENT */;
/*!40101 SET CHARACTER_SET_RESULTS=@OLD_CHARACTER_SET_RESULTS */;
/*!40101 SET COLLATION_CONNECTION=@OLD_COLLATION_CONNECTION */;
